bird_id,common_name,sex,scientific_name,family,length_lower,length_upper,body_mass_lower,body_mass_upper,wingspan_lower,wingspan_upper,NF_wing_bar,NF_long_neck,NF_colorful,NF_large_bill,NF_long_tail,NF_plumage,NF_long_legs,other,C_Black,C_White,C_Brown,C_Red,C_Grey,C_Orange_Yellow,C_Green,C_Blue,C_purple
1,Black-Bellied Whistling Duck,Both,Dendrocygna autumnalis,Anatidae,47,56,0.652,1.02,76,94,1,1,0,0,0,0,0,N/A,1,1,1,1,1,0,0,0,0
2,Fulvous Whistling Duck,Both,Dendrocygna bicolor,Anatidae,45,53,0.595,1.05,76,94,1,1,0,0,0,0,0,N/A,1,1,1,0,0,0,0,0,0
3,Greater white-fronted goose,Both,Anser albifrons,Anatidae,64,81,1.93,3.31,130,165,0,1,0,0,0,0,0,N/A,0,1,1,0,1,1,0,0,0
4,Lesser white-fronted goose,Both,Anser erythropus,Anatidae,53,66,1000000000,1000000000,120,135,0,1,0,0,0,0,0,N/A,0,1,1,0,1,1,0,0,0
5,Lesser Snow Goose (White Morph),Both,Chen caerulescens,Anatidae,64,79,2.05,2.7,135,165,0,1,0,0,0,0,0,N/A,1,1,0,1,0,0,0,0,0
6,Lesser Snow Goose (Blue Morph),Both,Chen caerulescens,Anatidae,64,79,2.05,2.7,135,165,0,1,0,0,0,0,0,N/A,1,1,1,1,1,0,0,0,0
7,Greater Snow Goose (White Morph),Both,Chen atlanticus,Anatidae,64,79,3.2,4.5,135,165,0,1,0,0,0,0,0,N/A,1,1,0,1,0,0,0,0,0
8,Greater Snow Goose (Blue Morph),Both,Chen atlanticus,Anatidae,64,79,3.2,4.5,135,165,0,1,0,0,0,0,0,N/A,1,1,1,1,1,0,0,0,0
9,Ross's Goose,Both,Chen rossii,Anatidae,57,64,0.86,2.04,113,115,0,1,0,0,0,0,0,N/A,1,1,0,1,0,0,0,0,0
10,Brant Goose,Both,Branta bernicla,Anatidae,55,66,0.88,2.2,105,121,0,1,0,0,0,0,0,N/A,1,1,1,0,0,0,0,0,0
11,Cackling Goose,Both,Branta hutchinsonii,Anatidae,0.95,3,1.3,1.5,1000000000,1000000000,0,1,0,0,0,0,0,N/A,1,1,1,0,0,0,0,0,0
12,Canada Goose,Both,Branta canadensis,Anatidae,75,100,2.4,6.5,127,185,0,1,0,0,0,0,0,N/A,1,1,1,0,0,0,0,0,0
13,Trumpeter Swan,Both,Cygnus buccinator,Anatidae,138,180,7,13.6,127,185,0,1,0,0,0,0,0,N/A,1,1,0,0,0,0,0,0,0
14,Tundra Swan,Both,Cygnus columbianus,Anatidae,115,150,3.4,9.6,168,211,0,1,0,0,0,0,0,N/A,1,1,0,0,0,1,0,0,0
15,Wood Duck,Male,Aix sponsa,Anatidae,47,54,0.454,0.862,66,73,0,0,1,0,0,0,0,N/A,1,1,1,1,0,1,1,0,0
16,Wood Duck,Female,Aix sponsa,Anatidae,47,54,0.454,0.862,66,73,0,0,0,0,0,0,0,N/A,0,1,1,0,0,0,1,0,0
17,Gadwall,Male,Anas strepera,Anatidae,56,56,0.98,1,78,90,0,0,0,0,0,0,0,N/A,1,1,0,0,1,1,0,0,0
18,Gadwall,Female,Anas strepera,Anatidae,56,56,0.84,0.86,78,90,0,0,0,0,0,0,0,N/A,1,1,1,0,0,1,0,0,0
19,Eurasian Wigeon,Both,Anas penelope,Anatidae,42,52,0.5,1.073,71,80,0,0,0,0,0,0,0,N/A,1,1,1,0,1,0,0,0,0
20,American Wigeon,Male,Anas americana,Anatidae,42,59,0.512,1.33,76,91,0,0,0,0,0,0,0,N/A,1,0,1,0,0,0,1,0,0
21,American Wigeon,Female,Anas americana,Anatidae,42,59,0.512,1.33,76,91,0,0,0,0,0,0,0,N/A,0,0,0,0,0,0,0,0,0
22,American Black Duck,Both,Anas rubripes,Anatidae,48,63,0.72,1.64,88,96,0,0,0,0,0,0,0,N/A,0,0,1,0,0,1,0,0,0
23,Mallard,Male,Anas platyrhynchos,Anatidae,50,65,0.72,1.58,81,98,0,0,0,0,0,0,0,N/A,0,1,1,0,1,1,1,1,0
24,Mallard,Female,Anas platyrhynchos,Anatidae,50,65,0.72,1.58,81,98,0,0,0,0,0,0,0,N/A,1,1,1,0,0,1,0,1,0
25,Mottled Duck,Both,Anas fulvigula,Anatidae,44,61,0.59,1.38,85,90,0,0,0,0,0,0,0,N/A,0,1,1,0,0,1,0,0,0
26,Blue-Winged Teal,Male,Anas discors,Anatidae,36,41,0.23,0.545,56,62,0,0,0,0,0,0,0,N/A,1,1,1,0,0,0,0,1,0
27,Blue-Winged Teal,Female,Anas discors,Anatidae,36,41,0.23,0.545,56,62,0,0,0,0,0,0,0,N/A,0,1,1,0,0,0,0,0,0
28,Cinnamon Teal,Male,Anas cyanoptera,Anatidae,36,43,0.28,0.5,1000000000,1000000000,0,0,0,0,0,0,0,N/A,1,1,1,1,0,0,0,0,0
29,Cinnamon Teal,Female,Anas cyanoptera,Anatidae,36,43,0.28,0.5,1000000000,1000000000,0,0,0,0,0,0,0,N/A,1,1,1,0,0,0,0,0,0
30,Northern Shoveler,Male,Anas clypeata,Anatidae,44,51,0.4,0.82,70,80,0,0,1,1,0,0,0,similar to mallard,1,1,1,0,1,1,1,0,0
31,Northern Shoveler,Female,Anas clypeata,Anatidae,44,51,0.4,0.82,70,80,0,0,1,1,0,0,0,similar to mallard,1,1,1,0,0,0,0,0,0
32,Northern Pintail,Male,Anas acuta,Anatidae,59,76,0.45,1.36,80,95,0,0,0,0,0,0,0,N/A,1,1,1,0,0,0,0,0,0
33,Northern Pintail,Female,Anas acuta,Anatidae,51,64,0.454,1.135,80,95,0,0,0,0,0,0,0,N/A,0,1,1,0,0,0,0,0,0
34,Garganey,Male,Anas querquedula,Anatidae,1000000000,1000000000,1000000000,1000000000,1000000000,1000000000,0,0,0,0,0,0,0,Similar to pintail,1,1,1,0,0,0,0,1,0
35,Garganey,Female,Anas querquedula,Anatidae,1000000000,1000000000,1000000000,1000000000,1000000000,1000000000,0,0,0,0,0,0,0,"Similar to pintail, common teal",0,1,1,0,0,0,0,1,0
36,Green-Winged Teal,Male,Anas crecca,Anatidae,31,39,0.14,0.5,52,59,0,0,0,0,0,0,0,N/A,0,1,1,0,1,0,1,0,0
37,Green-Winged Teal,Female,Anas crecca,Anatidae,31,39,0.14,0.5,52,59,0,0,0,0,0,0,0,N/A,0,1,1,0,0,0,1,0,0
38,Canvasback,Male,Aythya valisineria,Anatidae,48,56,0.862,1.6,79,89,0,0,0,0,0,0,0,N/A,1,0,1,1,1,0,0,0,0
39,Canvasback,Female,Aythya valisineria,Anatidae,48,56,0.862,1.6,79,89,0,0,0,0,0,0,0,N/A,0,1,1,0,0,0,0,0,0
40,Redhead,Male,Aythya americana,Anatidae,42,54,0.63,1.5,75,79,0,0,0,0,0,0,0,N/A,1,0,1,1,1,0,0,0,0
41,Redhead,Female,Aythya americana,Anatidae,42,54,0.63,1.5,75,79,0,0,0,0,0,0,0,N/A,0,1,1,0,0,0,0,0,0
42,Ring-Necked Duck,Male,Aythya collaris,Anatidae,39,46,0.49,0.91,62,63,0,0,0,0,0,0,0,N/A,1,1,0,1,1,0,0,0,0
43,Ring-Necked Duck,Female,Aythya collaris,Anatidae,39,46,0.49,0.91,62,63,0,0,0,0,0,0,0,N/A,0,1,1,0,0,0,0,0,0
44,Trufted Duck,Male,Aythya fuligula,Anatidae,1000000000,1000000000,1000000000,1000000000,1000000000,1000000000,0,0,0,0,0,0,0,N/A,1,1,0,0,0,1,0,0,0
45,Trufted Duck,Female,Aythya fuligula,Anatidae,1000000000,1000000000,1000000000,1000000000,1000000000,1000000000,0,0,0,0,0,0,0,N/A,0,0,1,0,0,1,0,0,0
46,Greater Scaup,Male,Aythya marila,Anatidae,39,56,0.726,1.36,71,84,0,0,0,0,0,0,0,N/A,0,1,1,0,0,1,1,1,0
47,Greater Scaup,Female,Aythya marila,Anatidae,39,56,0.726,1.36,71,84,0,0,0,0,0,0,0,N/A,0,1,1,0,0,1,0,1,0
48,Lesser Scaup,Male,Aythya affinis,Anatidae,38,48,0.454,1.089,68,78,0,0,0,0,0,0,0,N/A,1,1,0,0,1,1,0,1,0
49,Lesser Scaup,Female,Aythya affinis,Anatidae,38,48,0.454,1.089,68,78,0,0,0,0,0,0,0,N/A,0,1,1,0,0,1,0,1,0
50,Harelquin Duck,Male,Histrionicus histrionicus,Anatidae,33,54,0.5,0.726,56,66,0,0,1,0,0,0,0,N/A,1,1,1,0,1,0,0,1,0
51,Harelquin Duck,Female,Histrionicus histrionicus,Anatidae,33,54,0.5,0.726,56,66,0,0,0,0,0,0,0,N/A,0,1,1,0,0,0,0,0,0
52,Surf Scoter,Male,Melanitta perspicillata,Anatidae,48,60,0.953,1.769,75,79,0,0,0,0,0,0,0,N/A,1,1,0,0,0,1,0,0,0
53,Surf Scoter,Female,Melanitta perspicillata,Anatidae,48,60,0.953,1.769,75,79,0,0,0,0,0,0,0,N/A,1,1,1,1,0,0,0,0,0
54,White-Winged Scoter,Male,Melanitta fusca,Anatidae,52,57,1.36,2.128,53,60,0,0,0,0,0,0,0,N/A,1,1,0,0,0,0,0,0,0
55,White-Winged Scoter,Female,Melanitta fusca,Anatidae,50,53,0.95,1.95,45,56,0,0,0,0,0,0,0,N/A,0,1,1,0,0,0,0,0,0
56,Black Scoter,Male,Melanitta americana,Anatidae,48,49,1,1.1,83,84,0,0,0,0,0,0,0,N/A,1,0,0,0,0,1,0,0,0
57,Black Scoter,Female,Melanitta americana,Anatidae,43,45,0.97,0.98,83,84,0,0,0,0,0,0,0,N/A,0,0,1,0,1,1,0,0,0
58,Long-Tailed Duck,Male,Clangula hyemalis,Anatidae,44,60,0.73,0.74,70,71,0,0,0,0,1,0,0,N/A,1,1,0,1,1,0,0,0,0
59,Long-Tailed Duck,Female,Clangula hyemalis,Anatidae,44,60,0.73,0.74,70,71,0,0,0,0,0,0,0,N/A,1,1,1,0,1,0,0,0,0
60,Bufflehead,Male,Bucephala albeola,Anatidae,32,40,0.27,0.55,54,55,0,0,0,0,0,0,0,N/A,1,1,0,0,0,0,1,0,1
61,Bufflehead,Female,Bucephala albeola,Anatidae,32,40,0.27,0.55,54,55,0,0,0,0,0,0,0,N/A,1,1,0,0,1,0,0,0,0
62,Common Goldeneye,Male,Bucephala clangula,Anatidae,45,52,0.888,1.4,77,83,0,0,0,0,0,0,0,N/A,1,1,0,0,0,1,1,0,0
63,Common Goldeneye,Female,Bucephala clangula,Anatidae,40,50,0.5,1.128,75,77,0,0,0,0,0,0,0,N/A,1,1,1,0,1,1,0,0,0
64,Barrow's Goldeneye,Male,Bucephala islandica,Anatidae,43,48,0.48,1.32,1000000000,1000000000,0,0,0,0,0,0,0,N/A,1,1,0,0,0,1,0,0,0
65,Barrow's Goldeneye,Female,Bucephala islandica,Anatidae,43,48,0.48,1.32,1000000000,1000000000,0,0,0,0,0,0,0,N/A,0,1,1,0,0,1,0,0,0
66,Hooded Merganser,Male,Lophodytes cucullatus,Anatidae,40,49,0.453,0.879,60,66,0,0,0,0,0,1,0,N/A,1,1,1,0,0,0,0,0,0
67,Hooded Merganser,Female,Lophodytes cucullatus,Anatidae,39,45,0.4,0.879,59,63,0,0,0,0,0,1,0,N/A,0,0,1,0,0,1,0,0,0
68,Common Merganser,Male,Mergus merganser,Anatidae,58,72,0.9,2.1,78,97,0,0,0,0,0,0,0,N/A,1,1,0,1,0,0,1,0,0
69,Common Merganser,Female,Mergus merganser,Anatidae,58,72,0.9,2.1,78,97,0,0,0,0,0,0,0,N/A,0,1,0,1,1,1,0,0,0
70,Red-Breasted Merganser,Male,Mergus serrator,Anatidae,51,62,0.8,1.35,70,86,0,0,0,0,0,0,0,Similar to common merganser,1,1,1,1,1,0,1,0,0
71,Red-Breasted Merganser,Female,Mergus serrator,Anatidae,51,62,0.8,1.35,70,86,0,0,0,0,0,0,0,Similar to common merganser,0,0,1,1,1,0,0,0,0
72,Ruddy Duck,Male,Oxyura jamaicensis,Anatidae,34,43,0.5,0.56,45,47,0,0,0,0,0,0,0,Blue bill(?),1,1,1,0,0,0,0,1,0
73,Ruddy Duck,Female,Oxyura jamaicensis,Anatidae,34,43,0.5,0.56,45,47,0,0,0,0,0,0,0,N/A,1,1,1,0,0,0,0,0,0
74,Scaled Quail,Both,Callipepla squamata,Odontophoridae,25,35,0.177,0.191,37,38,0,0,0,0,0,0,0,N/A,1,1,1,0,1,0,0,0,0
75,Gambel's Quail,Both,Callipepla gambelii,Odontophoridae,24,25,0.16,0.2,34,36,0,0,0,0,0,1,0,N/A,1,1,1,1,1,0,0,0,0
76,Northern Bobwhite,Both,Colinus virginianus,Odontophoridae,24,28,0.13,0.255,33,38,0,0,0,0,0,0,0,N/A,1,1,1,0,0,0,0,0,0
77,Chuckar Partridge,Both,Alectoris chuka,Phasianidae,32,38,0.367,0.765,1000000000,1000000000,0,0,0,0,0,0,0,N/A,1,1,1,1,1,0,0,0,0
78,Ring-necked Pheasant,Male,Phasianus colchicus,Phasianidae,50,70,0.5,3,56,86,0,0,1,0,1,0,0,N/A,1,1,1,1,0,1,1,0,0
79,Ring-necked Pheasant,Female,Phasianus colchicus,Phasianidae,50,70,0.5,3,56,86,0,0,0,0,0,0,0,N/A,1,0,1,0,0,0,0,0,0
80,Ruffed Grouse,Both,Bonasa umbellus,Phasianidae,40,45,0.45,0.75,50,64,0,0,0,0,0,0,0,N/A,1,1,1,1,0,0,0,0,0
81,Greater Sage-Grouse,Male,Centrocercus urophasianus,Phasianidae,56,75,1.4,2.9,1000000000,1000000000,0,0,0,0,1,0,0,N/A,1,1,0,0,1,1,0,0,0
82,Greater Sage-Grouse,Female,Centrocercus urophasianus,Phasianidae,56,75,1.4,2.9,1000000000,1000000000,0,0,0,0,0,0,0,N/A,0,1,1,0,0,0,0,0,0
83,Gunnison Sage-Grouse,Male,Centrocercus minimus,Phasianidae,46,56,0.99,2.435,1000000000,1000000000,0,0,0,0,1,1,0,Similar to great sage-grouse (male),1,1,0,0,1,1,0,0,0
84,Gunnison Sage-Grouse,Female,Centrocercus minimus,Phasianidae,56,75,1.4,2.9,1000000000,1000000000,0,0,0,0,0,0,0,Similar to great sage-grouse (female),0,1,1,0,0,0,0,0,0
85,White-Tailed Ptarmigan,Male,Lagopus leucura,Phasianidae,30,31,0.33,0.48,1000000000,1000000000,0,0,0,0,0,0,0,N/A,1,1,1,1,0,0,0,0,0
86,White-Tailed Ptarmigan,Female,Lagopus leucura,Phasianidae,30,31,0.33,0.48,1000000000,1000000000,0,0,0,0,0,0,0,N/A,1,0,1,0,1,1,0,0,0
87,Dusky Grouse,Male,Dendragapus obscurus,Phasianidae,40,50,0.75,1.3,1000000000,1000000000,0,0,0,0,1,0,0,N/A,1,1,0,1,0,0,0,0,0
88,Dusky Grouse,Female,Dendragapus obscurus,Phasianidae,40,50,0.75,1.3,1000000000,1000000000,0,0,0,0,0,0,0,N/A,1,1,1,0,0,0,0,0,0
89,Sharp-Tailed Grouse,Male,Tympanuchus phasianellus,Phasianidae,41,47,0.596,1.031,1000000000,1000000000,0,0,0,0,1,0,0,N/A,1,1,1,0,0,1,0,0,1
90,Sharp-Tailed Grouse,Female,Tympanuchus phasianellus,Phasianidae,41,47,0.596,1.031,1000000000,1000000000,0,0,0,0,1,0,0,N/A,1,1,1,0,0,0,0,0,0
91,Greater Prairie-Chicken,Male,Tympanuchus cupido,Phasianidae,42,44,0.7,1.2,1000000000,1000000000,0,0,0,0,0,0,0,N/A,0,1,1,1,0,1,0,0,0
92,Greater Prairie-Chicken,Female,Tympanuchus cupido,Phasianidae,42,44,0.7,1.2,1000000000,1000000000,0,0,0,0,0,0,0,N/A,1,1,1,0,0,0,0,0,0
93,Lesser Prairie-Chicken,Male,Tympanuchus pallidicinctus,Phasianidae,38,54,0.628,0.813,1000000000,1000000000,0,0,0,0,0,0,0,Similar to greater prarie-chicken (male),0,1,1,1,0,1,0,0,0
94,Lesser Prairie-Chicken,Female,Tympanuchus pallidicinctus,Phasianidae,38,54,0.628,0.813,1000000000,1000000000,0,0,0,0,0,0,0,Similar to greater prarie-chicken (female),1,1,1,0,0,0,0,0,0
95,Wild Turkey,Male,Meleagris gallopavo,Phasianidae,110,115,2.5,10.8,125,144,0,1,1,0,1,0,0,N/A,1,1,1,1,1,0,0,1,1
96,Wild Turkey,Female,Meleagris gallopavo,Phasianidae,110,115,2.5,10.8,125,144,0,1,0,0,1,0,0,N/A,1,1,1,0,1,0,0,0,0
97,Red-Throated Loon,Both,Gavia stellata,Gaviidae,53,69,1,2.7,100,120,0,1,0,0,0,0,0,N/A,1,1,0,1,1,0,0,0,0
98,Arctic  Loon,Both,Gavia arctica,Gaviidae,28,77,2,3.4,100,130,0,1,0,0,0,0,0,Similar to pacific loon,1,1,0,0,1,0,0,0,0
99,Pacific Loon,Both , Gavia pacifica,Gaviidae,58,74,1,2.5,110,128,0,1,0,0,0,0,0,Similar to arctic loon,1,1,0,0,1,0,0,0,0
100,Common Loon,Both,Gavia immer,Gaviidae,66,91,2.5,6.1,104,131,0,1,0,0,0,0,0,N/A,1,1,0,1,0,0,0,0,0
101,Yellow-Billed Loon,Both ,Gavia adamsii,Gaviidae,76,97,4,6.4,135,160,0,1,0,0,0,0,0,N/A,1,1,0,0,0,1,0,0,0
102,Pied-Billed Grebe,Both,Podilymbus podiceps,Podicipedidae,30,38,0.253,0.568,45,62,0,1,0,0,0,0,0,N/A,1,1,1,0,0,0,0,0,0
103,Horned Grebe,Male,Podiceps auritus,Podicipedidae,31,38,0.3,0.57,55,64,0,1,0,0,0,1,0,N/A,1,0,1,1,1,1,0,0,0
104,Horned Grebe,Female,Podiceps auritus,Podicipedidae,31,38,0.3,0.57,55,64,0,1,0,0,0,0,0,N/A,1,1,0,1,1,0,0,0,0
105,Red-Necked Grebe,Male,Podiceps grisegena,Podicipedidae,46,56,0.8,1.6,61,88,0,1,0,0,0,1,0,N/A,1,1,1,1,1,1,0,0,0
106,Red-Necked Grebe,Female,Podiceps grisegena,Podicipedidae,46,56,0.8,1.6,61,88,0,1,0,0,0,0,0,N/A,0,1,1,0,0,1,0,0,0
107,Eared Grebe,Male,Podiceps nigricollis,Podicipedidae,30,35,0.2,0.735,52,55,0,1,0,0,0,0,0,N/A,1,0,1,1,0,1,0,0,0
108,Eared Grebe,Female,Podiceps nigricollis,Podicipedidae,30,35,0.2,0.735,52,55,0,1,0,0,0,0,0,N/A,0,1,0,0,0,0,0,0,0
109,Western Grebe,Both,Aechmorphorus occidentalis,Podicipedidae,55,75,0.8,1.8,79,86,0,1,0,1,0,0,0,Similar to Clark's Grebe,1,1,0,1,0,1,0,0,0
110,Clark's Grebe,Both,Aechmorphorus clarkii,Podicipedidae,55,75,0.718,1.685,81,82,0,1,0,1,0,0,0,Similar to Western Grebe,1,1,0,1,0,1,0,0,0
111,Wood Stork,Both,Mycteria americana,Ciconiidae,85,115,2.05,2.64,150,175,0,1,0,1,0,0,1,N/A,1,1,0,1,1,0,0,0,0
112,Magnificent frigatebird,Male,Fregata magnificens,Fregatidae,89,114,1,1.9,217,224,0,0,0,1,1,0,0,N/A,1,0,0,1,0,0,0,0,0
113,Magnificent frigatebird,Female,Fregata magnificens,Fregatidae,89,114,1,1.9,217,224,0,0,0,1,1,0,0,N/A,1,1,0,0,0,0,0,0,0
114,Neotropic Cormorant,Both,Phalacrocorax brasilianus,Phalacrocoracidae,60,62,1.07,1.5,101,103,0,1,0,0,0,0,0,Similar to double-crested cormorant,1,1,1,0,0,1,1,0,0
115,Double-Crested Cormorant,Both,Phalacrocorax auritus,Phalacrocoracidae,70,90,1.2,2.5,114,123,0,1,0,0,0,0,0,Similar to neotropic cormorant,1,0,1,0,0,0,0,0,0
116,"Anhinga, or, Snakebird",Both,Anhinga anhinga,Anhingidae,75,95,1.325,1.35,108,110,0,1,0,1,1,0,0,N/A,1,1,1,0,0,1,0,1,0
117,American White Pelican,Both,Pelecanus erythrorhynchos,Pelecanidae,127,165,4.5,9,244,290,0,1,0,1,0,0,0,N/A,1,1,0,1,0,1,0,0,0
118,Brown Pelican,Both,Pelecanus occidentalis,Pelecanidae,100,137,2,5,199,201,0,1,0,1,0,0,0,N/A,1,1,1,1,1,1,0,0,0
119,American Bittern,Both,Botaurus lentiginosus,Ardeidae,60,85,0.37,0.5,91,93,0,0,0,1,0,0,0,N/A,0,1,1,0,1,1,0,0,0
120,Least Bittern,Both,Ixobrychus exilis,Ardeidae,28,36,0.051,0.102,41,46,0,1,0,1,0,0,0,N/A,1,1,1,0,0,1,0,0,0
121,Greater Blue Heron,Both,Ardea herodias,Ardeidae,97,137,2.1,2.5,167,201,0,1,0,1,0,0,1,N/A,1,1,0,0,1,1,0,0,0
122,Great Egret,Both,Ardea alba,Ardeidae,94,104,0.99,1.1,131,145,0,1,0,1,0,0,1,Similar to Snowy Egret,0,1,0,0,0,1,0,0,0
123,Snowy Egret,Both,Egretta thula,Ardeidae,56,66,0.36,0.38,99,101,0,1,0,1,0,0,1,Similar to Great Egret,1,1,0,0,0,1,0,0,0
124,Little Blue Heron,Both,Egretta caerulea,Ardeidae,56,74,0.296,0.412,100,105,0,1,0,1,0,0,1,N/A,1,0,0,0,0,0,0,1,0
125,Tricolored Heron,Both,Egretta tricolor,Ardeidae,60,70,0.414,0.416,94,96,0,1,0,1,0,0,1,N/A,1,1,0,1,1,1,0,0,0
126,Reddish Egret,Both,Egretta rufescens,Ardeidae,70,80,0.7,0.85,1000000000,1000000000,0,1,0,1,0,0,1,N/A,1,0,1,1,0,0,0,0,0
127,Reddish Egret (White Morph),Both ,Egretta rufescens,Ardeidae,70,80,0.7,0.85,1000000000,1000000000,0,1,0,1,0,0,1,N/A,0,1,0,1,0,0,0,0,0
128,Cattle Egret,Both,Bubulcus ibis,Ardeidae,46,56,0.27,0.512,88,95,0,1,0,1,0,0,1,N/A,1,1,1,0,0,1,0,0,0
129,Green Heron,Both ,Butorides virescens,Ardeidae,41,46,0.23,0.25,64,68,0,0,0,1,0,0,1,N/A,1,1,1,1,1,1,0,0,0
130,Black-Crowned Night Heron,Both ,Nycticorax nycticorax,Ardeidae,56,66,0.727,1.014,115,118,0,0,0,1,0,0,1,N/A,1,0,0,1,1,1,0,0,0
131,Yellow-Crowned night Heron,Both,Nyctanassa violacea,Ardeidae,55,70,0.65,0.8,1000000000,1000000000,0,1,0,1,0,1,1,N/A,1,1,0,1,1,1,0,0,0
132,American White Ibis,Both,Eudocimus albus,Threskiornithidae,56,68,0.75,1.05,1000000000,1000000000,0,1,0,1,0,0,1,N/A,0,1,0,1,0,0,0,0,0
133,Glossy Ibis,Both,Plegadis falcinellus,Threskiornithidae,48,66,0.5,0.8,1000000000,1000000000,0,1,1,1,0,0,1,Similar to White-Faced ibis,1,0,1,1,0,0,0,0,0
134,White-Faced Ibis,Both,Plegadis chihi,Threskiornithidae,46,56,0.45,0.525,1000000000,1000000000,0,1,0,1,0,0,1,Similar to Glossy Ibis,0,0,1,1,1,0,0,0,0
135,Roseate Spoonbill,Both,Platalea ajaja,Threskiornithidae,71,86,1.2,1.8,0.12,0.13,0,1,0,1,0,0,1,N/A,0,1,0,1,1,0,0,0,0
136,Black Vulture,Both,Coragyps atratus,Cathartidae,60,68,1.6,2.2,137,150,0,0,0,0,0,0,0,N/A,1,1,0,1,0,0,0,0,0
137,Turkey Vulture,Both ,Cathartes aura,Cathartidae,64,81,1.99,2.1,170,178,0,0,0,0,0,0,0,N/A,1,0,0,1,0,0,0,0,0
138,Osprey,Both,Pandion haliaetus,Pandionidae,54,58,1.4,2,150,180,0,0,0,0,0,0,0,N/A,0,1,1,0,0,1,0,0,0
139,Swallow-Tailed Kite,Both,Elanoides forficatus,Accipitridae,50,64,0.37,0.6,121,123,0,0,0,0,0,0,0,N/A,1,1,0,0,0,1,0,0,0
140,Mississippi Kite,Both ,Ictinia mississippiensis,Accipitridae,34,37,0.216,0.339,1000000000,1000000000,0,0,0,0,0,0,0,N/A,1,1,0,1,1,0,0,0,0
141,Bald Eagle,Both,Haliaeetus leucocephalus,Accipitridae,71,96,3,6.3,203,205,0,0,0,0,0,0,0,N/A,0,1,1,0,0,1,0,0,0
142,Northern Harrier,Both,Circus cyaneus,Accipitridae,46,50,0.3,0.75,102,118,0,0,0,0,0,0,0,N/A,0,1,1,0,0,1,0,0,0
143,Sharp-Shinned Hawk,Both,Accipiter striatus,Accipitridae,24,34,0.87,0.218,43,56,0,0,0,0,0,0,0,N/A,0,1,1,0,0,1,0,0,0
144,Cooper's Hawk,Both,Accipiter cooperii,Accipitridae,37,39,0.22,0.41,62,90,0,0,0,0,0,0,0,N/A,0,1,1,1,1,1,0,0,0
145,Northern Goshawk,Both,Accipiter gentilis,Accipitridae,53,64,0.631,1.365,103,117,0,0,0,0,0,0,0,N/A,1,1,1,1,0,1,0,0,0
146,Common Black Hawk,Both,Buteogallus anthracinus,Accipitridae,43,53,0.92,0.94,1000000000,1000000000,0,0,0,0,0,0,0,N/A,1,0,1,0,0,1,0,0,0
147,Harris' Hawk,Both,Parabuteo unicinctus,Accipitridae,46,59,0.515,0.88,103,119,0,0,0,0,0,0,0,N/A,0,1,1,1,0,1,0,0,0
148,Red-Shouldered Hawk,Both,Buteo lineatus,Accipitridae,43,61,0.486,0.774,94,111,0,0,0,0,0,0,0,N/A,1,1,1,0,0,1,0,0,0
149,Broad-Winged Hawk,Both,Buteo platypterus,Accipitridae,34,44,0.265,0.56,81,100,0,0,0,0,0,0,0,N/A,0,1,1,0,0,1,0,0,0
150,Sawinson's Hawk,Both,Buteo swainsoni,Accipitridae,48,56,0.693,1.367,1000000000,1000000000,0,0,0,0,0,0,0,N/A,0,1,1,0,0,1,0,0,0
151,Zone-Tailed Hawk,Both,Buteo albonotatus,Accipitridae,45,56,0.119,0.14,119,140,0,0,0,0,0,0,0,N/A,1,1,0,0,0,0,0,0,0
152,Red-Tailed Hawk,Both,Buteo jamaicensis,Accipitridae,45,65,0.69,1.46,114,133,0,0,0,0,0,0,0,N/A,0,1,1,1,0,1,0,0,0
153,Ferruginous Hawk,Both,Buteo regalis,Accipitridae,56,69,0.997,2.074,133,142,0,0,0,0,0,0,0,N/A,0,1,1,0,0,1,0,0,0
154,Rough-Legged Hawk,Both,Buteo lagopus,Accipitridae,47,52,0.715,1.4,132,138,0,0,0,0,0,0,0,N/A,0,1,1,0,0,0,0,0,0
155,Golden Eagle,Both,Aquila chrysaetos,Accipitridae,70,84,3,6.125,185,220,0,0,0,0,0,0,0,N/A,0,1,1,0,0,1,0,0,0
156,Crested Caracara,Both,Caracara cheriway,Falconidae,49,58,1.05,1.3,119,121,0,0,0,0,0,0,1,N/A,1,1,1,1,0,1,0,0,0
157,American Kestrel,Both,Falco sparverius,Falconidae,22,31,0.08,0.165,51,61,0,0,0,0,0,0,0,N/A,1,1,1,1,1,1,0,0,0
158,Merlin,Both,Falco columbarius,Falconidae,21,30,0.16,0.24,53,68,0,0,0,0,0,0,0,N/A,1,1,0,0,1,1,0,0,0
159,Gyrfalcon,Both,Falco rusticolus,Falconidae,48,64,0.8,2.1,122,124,0,0,0,0,0,0,0,N/A,0,1,1,0,0,1,0,0,0
160,Peregrine Falcon,Both,Falco peregrinus,Falconidae,36,49,0.53,1.6,100,110,0,0,0,0,0,0,0,N/A,0,1,1,0,1,1,0,0,0
161,Prairie Falcon,Both,Falco mexicanus,Falconidae,37,47,0.42,1.1,90,113,0,0,0,0,0,0,0,N/A,1,1,1,0,0,1,0,0,0
162,Yellow Rail,Both,Coturnicops noveboracensis,Rallidae,13,18,0.041,0.068,28,32,0,0,0,0,0,0,0,N/A,1,0,1,0,0,1,0,0,0
163,Black Rail,Both,Laterallus jamaicensis,Rallidae,10,15,0.0029,0.0029,22,28,0,0,0,0,0,0,0,N/A,1,0,1,1,1,0,0,0,0
164,King Rail,Both,Rallus elegans,Rallidae,38,48,0.305,0.37,49,51,0,0,0,0,1,0,1,N/A,1,1,1,0,0,1,0,0,0
165,Virginia Rail,Both,Rallus limicola,Rallidae,20,27,0.065,0.095,32,38,0,0,0,1,0,0,1,N/A,1,0,1,1,0,0,0,0,0
166,Sora,Both, Porzana carolina,Rallidae,20,25,0.049,0.112,1000000000,1000000000,0,0,0,0,0,0,1,N/A,0,0,1,0,1,1,0,0,0
167,Purple Gallinule,Both,Porphyrio martinica,Rallidae,36,37,0.208,0.288,54,56,0,0,1,0,0,0,1,N/A,1,1,0,1,1,1,1,1,0
168,Common Gallinule,Both,Gallinula galeata,Rallidae,32,35,0.31,0.456,54,62,0,0,0,0,0,0,1,N/A,1,1,0,1,0,1,0,0,0
169,American Coot,Both,Fulica americana,Rallidae,39.4,42.9,0.6,0.7,58.4,63.5,0,0,0,0,0,0,0,N/A,1,1,0,0,0,0,0,0,0
170,Sandhill Crane,Both,Grus canadensis,Gruidae,119,121,3.4,4.9,199,201,0,1,0,1,0,0,1,N/A,0,1,1,1,1,0,0,0,0
171,Whooping Crane,Both,Grus americana,Gruidae,149,150,6,7.8,228,230,0,1,0,1,0,0,1,N/A,1,1,0,1,0,0,0,0,0
172,Black-Necked Stilt,Both,Himantopus mexicanus,Recurvirostridae,35,39,0.136,0.22,70,72,0,0,0,1,0,0,1,N/A,1,1,0,1,0,0,0,0,0
173,American Avocet,Both,Recurvirostra americana,Recurvirostridae,43,47,0.275,0.35,70,72,0,0,0,1,0,0,1,N/A,0,1,1,1,0,0,0,0,0
174,Black-Bellied Plover,Both,Pluvialis squatarola,Charadriidae,28,29,0.16,0.277,59,60,0,0,0,0,0,0,1,Similar to Golden-Plover,1,1,0,0,0,0,0,0,0
175,American Golden-Plover,Both,Pluvialis dominica,Charadriidae,24,28,0.122,0.194,56,58,0,0,0,0,0,0,1,Similar to Black-Bellied Plover,0,1,1,0,0,0,0,0,0
176,Snowy Plover,Both,Charadrius nivosus,Charadriidae,15,17,34,58,33,35,0,0,0,0,0,0,1,N/A,0,1,1,0,0,0,0,0,0
177,Semipalmated plover,Both,Charadrius semipalmatus,Charadriidae,17,19,0.047,0.048,1000000000,1000000000,0,0,0,0,0,0,1,N/A,1,1,0,1,1,0,0,0,0
178,Piping Plover,Both,Charadrius melodus,Charadriidae,17,18,0.043,0.063,1000000000,1000000000,0,0,0,0,0,0,0,N/A,1,1,0,0,1,1,0,0,0
179,Killdeer,Both,Charadrius vociferus,Charadriidae,20,28,0.075,0.128,46,48,0,0,0,0,0,0,1,N/A,1,1,1,0,0,0,0,0,0
180,Mountain Plover,Both,Charadrius montanus,Charadriidae,21,23,0.09,0.11,1000000000,1000000000,0,0,0,0,0,0,1,N/A,1,1,1,0,0,0,0,0,0
181,Spotted Sandpiper,Both,Actitis macularia,Scolopacidae,18,20,0.034,0.05,37,40,0,0,0,0,0,0,1,N/A,0,1,1,0,0,1,0,0,0
182,Solitary Sandpiper,Both,Tringa solitaria,Scolopacidae,19,23,0.031,0.065,1000000000,1000000000,0,0,0,1,0,0,1,N/A,0,1,1,0,0,1,0,0,0
